Date,Open,High,Low,Close,Adj Close,Volume,ticker
2020-01-02,46.32666778564453,46.32666778564453,45.606666564941406,45.973331451416016,42.97209930419922,1310250,WRB
2020-01-03,45.56666564941406,46.119998931884766,45.439998626708984,46.03333282470703,43.0281867980957,657600,WRB
2020-01-06,45.7599983215332,46.0,45.61333465576172,45.96666717529297,42.965858459472656,975750,WRB
2020-01-07,45.880001068115234,45.93333435058594,45.099998474121094,45.12666702270508,42.180702209472656,1029300,WRB
2020-01-08,45.20000076293945,45.72666549682617,45.15999984741211,45.4466667175293,42.47981262207031,861750,WRB
2020-01-09,45.58000183105469,45.746665954589844,45.30666732788086,45.71333312988281,42.729068756103516,1358250,WRB
2020-01-10,45.69333267211914,45.70000076293945,45.15999984741211,45.2400016784668,42.28664779663086,930750,WRB
2020-01-13,45.13999938964844,45.586666107177734,45.133331298828125,45.40666580200195,42.44242477416992,1354650,WRB
2020-01-14,45.313331604003906,45.77333450317383,45.14666748046875,45.526668548583984,42.554595947265625,1563150,WRB
2020-01-15,45.48666763305664,46.119998931884766,45.473331451416016,45.96666717529297,42.965858459472656,679500,WRB
2020-01-16,46.0533332824707,46.5,45.9466667175293,46.48666763305664,43.45191955566406,772800,WRB
2020-01-17,46.599998474121094,46.90666580200195,46.46666717529297,46.90666580200195,43.84450149536133,1162950,WRB
2020-01-21,46.72666549682617,46.913333892822266,46.41999816894531,46.56666564941406,43.52669906616211,1032750,WRB
2020-01-22,47.400001525878906,47.586666107177734,47.106666564941406,47.49333190917969,44.39287185668945,1435650,WRB
2020-01-23,47.266666412353516,47.619998931884766,46.793331146240234,47.586666107177734,44.48011779785156,1000950,WRB
2020-01-24,47.573333740234375,48.08000183105469,47.540000915527344,48.04666519165039,44.91007995605469,1006800,WRB
2020-01-27,47.69333267211914,48.03333282470703,47.586666107177734,47.72666549682617,44.6109733581543,1104900,WRB
2020-01-28,47.83333206176758,48.5,47.83333206176758,48.246665954589844,45.097023010253906,1442700,WRB
2020-01-29,48.560001373291016,48.96666717529297,47.459999084472656,48.5,45.333824157714844,1513650,WRB
2020-01-30,48.266666412353516,49.77333450317383,48.08000183105469,49.720001220703125,46.474178314208984,1120800,WRB
2020-01-31,49.54666519165039,49.866668701171875,48.82666778564453,49.02000045776367,45.81987762451172,1409700,WRB
2020-02-03,49.29999923706055,49.926666259765625,49.233333587646484,49.59333419799805,46.35578155517578,1492200,WRB
2020-02-04,49.86000061035156,50.5533332824707,49.686668395996094,49.893333435058594,46.636192321777344,1126500,WRB
2020-02-05,50.206668853759766,50.84000015258789,50.073333740234375,50.793331146240234,47.47743225097656,965550,WRB
2020-02-06,50.880001068115234,51.59333419799805,50.880001068115234,51.45333480834961,48.094356536865234,956850,WRB
2020-02-07,51.36000061035156,51.959999084472656,51.293331146240234,51.87333297729492,48.486942291259766,1220400,WRB
2020-02-10,51.90666580200195,52.526668548583984,51.893333435058594,52.50666809082031,49.07892608642578,1202550,WRB
2020-02-11,52.56666564941406,52.939998626708984,52.5533332824707,52.85333251953125,49.4029541015625,1159950,WRB
2020-02-12,52.78666687011719,52.78666687011719,52.313331604003906,52.426666259765625,49.004146575927734,783000,WRB
2020-02-13,52.35333251953125,52.88666534423828,52.206668853759766,52.880001068115234,49.427886962890625,1090200,WRB
2020-02-14,52.880001068115234,52.959999084472656,52.5533332824707,52.93333435058594,49.47773361206055,1203150,WRB
2020-02-18,52.93333435058594,53.21333312988281,52.7400016784668,52.90666580200195,49.45280075073242,1110150,WRB
2020-02-19,53.01333236694336,53.279998779296875,52.85333251953125,52.98666763305664,49.527584075927734,717900,WRB
2020-02-20,52.793331146240234,52.939998626708984,51.68000030517578,52.04666519165039,48.648948669433594,1506900,WRB
2020-02-21,51.99333190917969,52.586666107177734,51.913333892822266,52.43333435058594,49.010372161865234,5061000,WRB
2020-02-24,51.88666534423828,52.293331146240234,51.29999923706055,51.36000061035156,48.00711441040039,1735800,WRB
2020-02-25,51.366668701171875,51.58000183105469,50.04666519165039,50.11333465576172,46.84183120727539,1423650,WRB
2020-02-26,50.313331604003906,50.77333450317383,49.34000015258789,49.36000061035156,46.13767623901367,1443450,WRB
2020-02-27,48.78666687011719,49.14666748046875,46.59333419799805,46.65999984741211,43.61393737792969,1537050,WRB
2020-02-28,45.65999984741211,46.026668548583984,44.08000183105469,44.7599983215332,41.83797073364258,3297450,WRB
2020-03-02,44.85333251953125,46.80666732788086,44.37333297729492,46.79999923706055,43.74479293823242,1744500,WRB
2020-03-03,46.733333587646484,47.48666763305664,45.099998474121094,45.30666732788086,42.34895706176758,1753050,WRB
2020-03-04,46.073333740234375,46.686668395996094,45.086666107177734,46.68000030517578,43.63264083862305,1971000,WRB
2020-03-05,45.58000183105469,45.64666748046875,44.15999984741211,44.526668548583984,41.619873046875,1957950,WRB
2020-03-06,43.106666564941406,44.426666259765625,42.733333587646484,44.15999984741211,41.27714538574219,1883250,WRB
2020-03-09,41.80666732788086,41.80666732788086,39.526668548583984,40.20000076293945,37.575660705566406,2303400,WRB
2020-03-10,41.19333267211914,42.106666564941406,40.09333419799805,42.073333740234375,39.39856719970703,1903650,WRB
2020-03-11,40.80666732788086,40.926666259765625,38.58000183105469,38.766666412353516,36.302120208740234,2497650,WRB
2020-03-12,36.119998931884766,36.753334045410156,34.06666564941406,34.29999923706055,32.11941909790039,3056700,WRB
2020-03-13,35.98666763305664,37.599998474121094,33.69333267211914,37.45333480834961,35.0722770690918,2361150,WRB
2020-03-16,33.060001373291016,35.32666778564453,31.34666633605957,31.67333221435547,29.65973472595215,3166500,WRB
2020-03-17,32.540000915527344,35.50666809082031,31.34666633605957,35.459999084472656,33.20566940307617,2991900,WRB
2020-03-18,33.2599983215332,35.11333465576172,31.666667938232422,33.82666778564453,31.676177978515625,3056100,WRB
2020-03-19,33.37333297729492,33.91999816894531,32.00666809082031,32.29999923706055,30.246566772460938,1958850,WRB
2020-03-20,32.41999816894531,33.35333251953125,31.49333381652832,31.719999313354492,29.70343780517578,2734200,WRB
2020-03-23,31.18000030517578,31.559999465942383,28.700000762939453,28.906667709350586,27.068960189819336,2409750,WRB
2020-03-24,30.34666633605957,32.206668853759766,29.899999618530273,32.06666564941406,30.028066635131836,1773450,WRB
2020-03-25,31.913333892822266,33.106666564941406,30.453332901000977,31.68000030517578,29.665977478027344,1648950,WRB
2020-03-26,31.926666259765625,34.11333465576172,31.233333587646484,33.87333297729492,31.71986961364746,1391100,WRB
2020-03-27,33.18000030517578,35.70000076293945,32.61333465576172,34.58000183105469,32.381614685058594,1467600,WRB
2020-03-30,34.58000183105469,36.46666717529297,33.599998474121094,36.34000015258789,34.029720306396484,1871700,WRB
2020-03-31,35.733333587646484,36.106666564941406,34.03333282470703,34.779998779296875,32.56889724731445,4515750,WRB
2020-04-01,33.106666564941406,33.926666259765625,32.813331604003906,33.49333190917969,31.364036560058594,2003100,WRB
2020-04-02,33.08000183105469,34.72666549682617,33.01333236694336,33.78666687011719,31.63871955871582,2148150,WRB
2020-04-03,33.31999969482422,33.959999084472656,32.82666778564453,32.98666763305664,30.88957977294922,1862700,WRB
2020-04-06,34.54666519165039,36.08000183105469,34.20000076293945,35.81999969482422,33.54278564453125,1786200,WRB
2020-04-07,37.186668395996094,38.2599983215332,35.84000015258789,35.880001068115234,33.598960876464844,1756500,WRB
2020-04-08,36.246665954589844,36.973331451416016,35.41999816894531,36.813331604003906,34.472965240478516,1162650,WRB
2020-04-09,37.380001068115234,39.29999923706055,37.380001068115234,38.880001068115234,36.40825271606445,1030650,WRB
2020-04-13,38.900001525878906,38.900001525878906,37.560001373291016,37.79999923706055,35.396907806396484,1314300,WRB
2020-04-14,38.83333206176758,39.56666564941406,38.62666702270508,39.133331298828125,36.64548110961914,1144650,WRB
2020-04-15,38.0,38.20000076293945,36.8466682434082,37.14666748046875,34.78511047363281,1680150,WRB
2020-04-16,36.99333190917969,37.45333480834961,35.82666778564453,36.43333435058594,34.11712646484375,1359150,WRB
2020-04-17,37.62666702270508,38.22666549682617,37.133331298828125,37.99333190917969,35.57795333862305,1703400,WRB
2020-04-20,37.30666732788086,37.38666534423828,36.33333206176758,36.83333206176758,34.491695404052734,1150500,WRB
2020-04-21,35.880001068115234,36.413333892822266,35.4466667175293,35.56666564941406,33.3055534362793,1239450,WRB
2020-04-22,35.14666748046875,36.22666549682617,33.85333251953125,34.186668395996094,32.01328659057617,3154800,WRB
2020-04-23,34.32666778564453,34.606666564941406,33.43333435058594,33.43333435058594,31.30785369873047,1482600,WRB
2020-04-24,33.64666748046875,33.82666778564453,32.80666732788086,33.49333190917969,31.364036560058594,1643550,WRB
2020-04-27,33.560001373291016,35.400001525878906,33.5533332824707,35.266666412353516,33.024627685546875,1267050,WRB
2020-04-28,36.17333221435547,36.47999954223633,35.58000183105469,36.03333282470703,33.742557525634766,1557300,WRB
2020-04-29,36.793331146240234,37.95333480834961,36.366668701171875,37.459999084472656,35.078521728515625,1285650,WRB
2020-04-30,36.69333267211914,36.866668701171875,35.9466667175293,36.0,33.71133041381836,1262400,WRB
2020-05-01,35.28666687011719,35.366668701171875,34.099998474121094,34.29999923706055,32.11941909790039,1002000,WRB
2020-05-04,33.90666580200195,34.31999969482422,33.5533332824707,34.253334045410156,32.075714111328125,1143900,WRB
2020-05-05,34.58000183105469,35.473331451416016,34.48666763305664,34.5,32.30670166015625,1150200,WRB
2020-05-06,34.65999984741211,34.813331604003906,33.30666732788086,33.31999969482422,31.20171546936035,1605450,WRB
2020-05-07,33.65999984741211,34.813331604003906,33.6533317565918,34.086666107177734,31.91964340209961,1422150,WRB
2020-05-08,34.7400016784668,34.88666534423828,33.79999923706055,34.48666763305664,32.294212341308594,1091700,WRB
2020-05-11,34.00666809082031,34.47999954223633,33.413333892822266,33.98666763305664,31.826007843017578,1051350,WRB
2020-05-12,34.09333419799805,34.266666412353516,32.87333297729492,32.926666259765625,30.833393096923828,1241400,WRB
2020-05-13,32.53333282470703,32.62666702270508,31.093332290649414,31.293333053588867,29.303895950317383,1777650,WRB
2020-05-14,30.8799991607666,31.82666778564453,30.166667938232422,31.600000381469727,29.5910701751709,1980300,WRB
2020-05-15,31.246667861938477,32.060001373291016,30.81333351135254,31.81999969482422,29.797082901000977,5337900,WRB
2020-05-18,33.22666549682617,34.893333435058594,33.00666809082031,34.61333465576172,32.412837982177734,2182050,WRB
2020-05-19,34.459999084472656,34.746665954589844,34.04666519165039,34.21333312988281,32.03825759887695,1239000,WRB
2020-05-20,34.540000915527344,35.793331146240234,34.43333435058594,35.606666564941406,33.343017578125,1216200,WRB
2020-05-21,35.473331451416016,37.279998779296875,35.473331451416016,37.14666748046875,34.78511047363281,1614750,WRB
2020-05-22,37.246665954589844,37.70000076293945,36.733333587646484,37.633331298828125,35.2408332824707,1449450,WRB
2020-05-26,39.040000915527344,39.33333206176758,38.253334045410156,38.35333251953125,35.91506576538086,1348500,WRB
2020-05-27,39.69333267211914,39.973331451416016,38.599998474121094,39.026668548583984,36.545597076416016,1385850,WRB
2020-05-28,39.71333312988281,39.71333312988281,38.52000045776367,38.753334045410156,36.289642333984375,1141650,WRB
2020-05-29,38.4466667175293,39.00666809082031,38.15999984741211,38.633331298828125,36.17726135253906,1927800,WRB
2020-06-01,38.526668548583984,38.71333312988281,37.866668701171875,38.63999938964844,36.183502197265625,824400,WRB
2020-06-02,38.59333419799805,39.880001068115234,38.4466667175293,39.753334045410156,37.22607421875,1186200,WRB
2020-06-03,40.106666564941406,40.926666259765625,39.83333206176758,40.13999938964844,37.5881462097168,1649550,WRB
2020-06-04,39.939998626708984,41.0,39.619998931884766,40.9466667175293,38.343536376953125,1263300,WRB
2020-06-05,42.746665954589844,43.21333312988281,41.913333892822266,42.573333740234375,39.866790771484375,1402200,WRB
2020-06-08,42.66666793823242,43.599998474121094,42.66666793823242,43.59333419799805,40.82194137573242,1225800,WRB
2020-06-09,42.64666748046875,43.09333419799805,41.91999816894531,41.99333190917969,39.32365798950195,830700,WRB
2020-06-10,41.619998931884766,41.98666763305664,39.98666763305664,40.073333740234375,37.52571487426758,1638150,WRB
2020-06-11,38.866668701171875,39.32666778564453,37.253334045410156,37.366668701171875,34.99112319946289,1554000,WRB
2020-06-12,38.86000061035156,38.97999954223633,37.133331298828125,38.01333236694336,35.59668731689453,1244700,WRB
2020-06-15,36.66666793823242,39.00666809082031,36.29999923706055,38.8466682434082,36.377037048339844,1323150,WRB
2020-06-16,40.36000061035156,40.36000061035156,38.633331298828125,39.040000915527344,36.55807876586914,1021800,WRB
2020-06-17,39.060001373291016,39.293331146240234,38.47999954223633,38.880001068115234,36.40825271606445,1501800,WRB
2020-06-18,38.37333297729492,39.38666534423828,38.279998779296875,38.91999816894531,36.445701599121094,1196850,WRB
2020-06-19,39.70000076293945,39.70000076293945,38.46666717529297,39.106666564941406,36.620506286621094,2815950,WRB
2020-06-22,38.599998474121094,38.77333450317383,38.08000183105469,38.473331451416016,36.101287841796875,796200,WRB
2020-06-23,39.12666702270508,39.34000015258789,38.380001068115234,38.426666259765625,36.05748748779297,1006500,WRB
2020-06-24,37.78666687011719,37.8466682434082,36.65999984741211,37.15999984741211,34.86892318725586,978000,WRB
2020-06-25,37.20000076293945,38.086666107177734,36.6533317565918,37.98666763305664,35.644622802734375,928650,WRB
2020-06-26,37.5533332824707,37.939998626708984,36.67333221435547,36.939998626708984,34.66249465942383,1787100,WRB
2020-06-29,37.540000915527344,37.79999923706055,36.97999954223633,37.6533317565918,35.33184051513672,984600,WRB
2020-06-30,37.45333480834961,38.426666259765625,37.45333480834961,38.19333267211914,35.83855438232422,1609200,WRB
2020-07-01,38.14666748046875,38.65999984741211,37.866668701171875,38.02000045776367,35.675899505615234,1127400,WRB
2020-07-02,38.8466682434082,39.02000045776367,37.573333740234375,37.64666748046875,35.32558822631836,825900,WRB
2020-07-06,38.53333282470703,38.746665954589844,38.0,38.15999984741211,35.807281494140625,722100,WRB
2020-07-07,37.779998779296875,38.45333480834961,37.686668395996094,37.82666778564453,35.49449157714844,1052400,WRB
2020-07-08,37.720001220703125,38.27333450317383,37.40666580200195,37.85333251953125,35.51951217651367,927450,WRB
2020-07-09,37.68000030517578,37.77333450317383,36.7599983215332,37.20000076293945,34.906463623046875,1096800,WRB
2020-07-10,37.026668548583984,38.71333312988281,37.026668548583984,38.540000915527344,36.16383743286133,1026450,WRB
2020-07-13,38.813331604003906,39.65999984741211,38.61333465576172,39.026668548583984,36.620513916015625,1345950,WRB
2020-07-14,39.04666519165039,40.040000915527344,38.88666534423828,39.939998626708984,37.4775276184082,1046850,WRB
2020-07-15,40.753334045410156,41.35333251953125,40.366668701171875,41.09333419799805,38.55976104736328,1483800,WRB
2020-07-16,41.08000183105469,42.633331298828125,40.99333190917969,42.233333587646484,39.62946701049805,1506150,WRB
2020-07-17,42.313331604003906,42.540000915527344,41.813331604003906,42.36000061035156,39.74832534790039,1292550,WRB
2020-07-20,42.21333312988281,42.49333190917969,41.8466682434082,42.266666412353516,39.660743713378906,1333950,WRB
2020-07-21,42.400001525878906,43.17333221435547,42.400001525878906,42.68000030517578,40.0485954284668,1274100,WRB
2020-07-22,42.95333480834961,43.69333267211914,42.40666580200195,42.619998931884766,39.9922981262207,2519700,WRB
2020-07-23,42.560001373291016,43.246665954589844,42.2400016784668,43.0,40.34886932373047,1098450,WRB
2020-07-24,43.16666793823242,43.21333312988281,42.49333190917969,42.63999938964844,40.01106262207031,1036350,WRB
2020-07-27,42.45333480834961,42.66666793823242,41.66666793823242,41.913333892822266,39.329200744628906,1074600,WRB
2020-07-28,41.746665954589844,42.00666809082031,41.35333251953125,41.46666717529297,38.91006851196289,886500,WRB
2020-07-29,41.400001525878906,42.27333450317383,41.32666778564453,42.266666412353516,39.660743713378906,836100,WRB
2020-07-30,41.413333892822266,41.866668701171875,41.00666809082031,41.53333282470703,38.972625732421875,725850,WRB
2020-07-31,41.31999969482422,41.45333480834961,40.50666809082031,41.16666793823242,38.62856674194336,991650,WRB
2020-08-03,41.2599983215332,41.686668395996094,40.9466667175293,41.426666259765625,38.872535705566406,755550,WRB
2020-08-04,41.32666778564453,41.37333297729492,40.67333221435547,40.79999923706055,38.28450393676758,756900,WRB
2020-08-05,41.19333267211914,41.6533317565918,41.106666564941406,41.293331146240234,38.747413635253906,860100,WRB
2020-08-06,41.1533317565918,41.560001373291016,41.073333740234375,41.459999084472656,38.903812408447266,957750,WRB
2020-08-07,41.21333312988281,42.633331298828125,41.17333221435547,42.59333419799805,39.96726989746094,797100,WRB
2020-08-10,42.72666549682617,43.27333450317383,42.28666687011719,42.91999816894531,40.2738037109375,875700,WRB
2020-08-11,43.5533332824707,43.973331451416016,42.2599983215332,42.380001068115234,39.767093658447266,1370550,WRB
2020-08-12,43.0,43.0,42.0533332824707,42.0533332824707,39.460567474365234,766050,WRB
2020-08-13,41.62666702270508,42.086666107177734,41.253334045410156,41.900001525878906,39.316688537597656,675150,WRB
2020-08-14,41.633331298828125,42.060001373291016,41.380001068115234,41.52000045776367,38.960113525390625,786450,WRB
2020-08-17,41.30666732788086,41.36000061035156,40.32666778564453,40.606666564941406,38.103092193603516,976950,WRB
2020-08-18,40.77333450317383,41.206668853759766,40.746665954589844,40.84000015258789,38.32202911376953,822600,WRB
2020-08-19,40.95333480834961,41.11333465576172,40.28666687011719,40.41999816894531,37.92793273925781,852000,WRB
2020-08-20,39.96666717529297,40.51333236694336,39.86000061035156,40.106666564941406,37.6339225769043,772050,WRB
2020-08-21,40.09333419799805,40.53333282470703,39.97999954223633,40.119998931884766,37.64642333984375,711000,WRB
2020-08-24,40.279998779296875,41.086666107177734,40.253334045410156,41.073333740234375,38.540992736816406,675750,WRB
2020-08-25,41.43333435058594,41.50666809082031,40.880001068115234,41.06666564941406,38.53474044799805,851700,WRB
2020-08-26,40.97999954223633,41.366668701171875,40.526668548583984,41.026668548583984,38.49720001220703,924150,WRB
2020-08-27,41.18000030517578,42.4466667175293,41.18000030517578,42.1533317565918,39.554405212402344,1289700,WRB
2020-08-28,42.48666763305664,42.48666763305664,41.586666107177734,42.0,39.410518646240234,838950,WRB
2020-08-31,41.866668701171875,41.99333190917969,41.09333419799805,41.366668701171875,38.81624221801758,1329300,WRB
2020-09-01,41.060001373291016,41.779998779296875,41.04666519165039,41.753334045410156,39.17905807495117,714600,WRB
2020-09-02,41.81999969482422,42.633331298828125,41.5,42.439998626708984,39.823394775390625,683700,WRB
2020-09-03,42.80666732788086,43.599998474121094,41.633331298828125,41.98666763305664,39.39801025390625,1471050,WRB
2020-09-04,42.7400016784668,43.086666107177734,41.59333419799805,41.959999084472656,39.37298583984375,1027800,WRB
2020-09-08,41.56666564941406,41.95333480834961,40.9466667175293,41.540000915527344,38.978885650634766,1291500,WRB
2020-09-09,41.97999954223633,42.766666412353516,41.793331146240234,42.35333251953125,39.742069244384766,1096800,WRB
2020-09-10,42.413333892822266,42.5533332824707,41.5,41.58000183105469,39.01641845703125,900000,WRB
2020-09-11,41.746665954589844,42.186668395996094,41.51333236694336,41.91999816894531,39.33544921875,668850,WRB
2020-09-14,42.073333740234375,42.880001068115234,41.88666534423828,42.56666564941406,40.01862716674805,947550,WRB
2020-09-15,42.766666412353516,42.9466667175293,42.119998931884766,42.22666549682617,39.698974609375,683550,WRB
2020-09-16,42.313331604003906,43.16666793823242,42.313331604003906,42.70000076293945,40.143978118896484,823050,WRB
2020-09-17,42.52000045776367,42.67333221435547,41.90666580200195,42.393333435058594,39.85566711425781,1300950,WRB
2020-09-18,42.21333312988281,42.866668701171875,41.70000076293945,41.766666412353516,39.26650619506836,1978200,WRB
2020-09-21,40.95333480834961,41.20000076293945,39.793331146240234,40.7599983215332,38.32010269165039,1833450,WRB
2020-09-22,40.69333267211914,41.43333435058594,40.606666564941406,40.959999084472656,38.50812911987305,973350,WRB
2020-09-23,41.099998474121094,41.279998779296875,39.70000076293945,39.706668853759766,37.3298225402832,994050,WRB
2020-09-24,39.81999969482422,40.61333465576172,39.22666549682617,39.880001068115234,37.49278259277344,836400,WRB
2020-09-25,39.48666763305664,40.439998626708984,39.48666763305664,40.37333297729492,37.956581115722656,759300,WRB
2020-09-28,41.086666107177734,41.526668548583984,40.893333435058594,41.08000183105469,38.620948791503906,971400,WRB
2020-09-29,40.959999084472656,41.17333221435547,40.08000183105469,40.64666748046875,38.21355438232422,1003200,WRB
2020-09-30,40.90666580200195,41.279998779296875,40.413333892822266,40.766666412353516,38.32637023925781,1288200,WRB
2020-10-01,40.85333251953125,41.04666519165039,40.11333465576172,40.526668548583984,38.100730895996094,767250,WRB
2020-10-02,39.939998626708984,41.133331298828125,39.939998626708984,40.8466682434082,38.401580810546875,560700,WRB
2020-10-05,41.28666687011719,41.540000915527344,41.106666564941406,41.36000061035156,38.88418960571289,651750,WRB
2020-10-06,41.560001373291016,41.793331146240234,40.82666778564453,41.026668548583984,38.5708122253418,810750,WRB
2020-10-07,41.266666412353516,41.64666748046875,40.80666732788086,41.206668853759766,38.74003601074219,691050,WRB
2020-10-08,41.439998626708984,42.14666748046875,41.27333450317383,42.119998931884766,39.59868621826172,517200,WRB
2020-10-09,42.40666580200195,42.633331298828125,42.0,42.01333236694336,39.4984130859375,990000,WRB
2020-10-12,42.06666564941406,43.040000915527344,41.82666778564453,42.9466667175293,40.375877380371094,592950,WRB
2020-10-13,42.54666519165039,42.813331604003906,41.400001525878906,41.5533332824707,39.06594467163086,621300,WRB
2020-10-14,41.5,42.073333740234375,41.133331298828125,41.13999938964844,38.6773567199707,644550,WRB
2020-10-15,40.720001220703125,41.540000915527344,40.46666717529297,41.37333297729492,38.896724700927734,1004400,WRB
2020-10-16,41.4466667175293,41.893333435058594,41.206668853759766,41.366668701171875,38.89046096801758,965400,WRB
2020-10-19,41.526668548583984,42.060001373291016,40.706668853759766,40.80666732788086,38.363975524902344,972150,WRB
2020-10-20,41.246665954589844,42.439998626708984,41.19333267211914,42.14666748046875,39.623775482177734,1357800,WRB
2020-10-21,42.31999969482422,43.91999816894531,42.31999969482422,43.40666580200195,40.808345794677734,1880250,WRB
2020-10-22,43.38666534423828,44.21333312988281,43.086666107177734,44.00666809082031,41.37242889404297,1296300,WRB
2020-10-23,44.1533317565918,44.36000061035156,43.37333297729492,43.813331604003906,41.19066619873047,815400,WRB
2020-10-26,43.33333206176758,43.37333297729492,42.266666412353516,42.53333282470703,39.98728561401367,955650,WRB
2020-10-27,42.53333282470703,42.59333419799805,40.93333435058594,40.959999084472656,38.50812911987305,1008900,WRB
2020-10-28,40.36000061035156,41.233333587646484,40.36000061035156,40.48666763305664,38.063133239746094,1194150,WRB
2020-10-29,40.36000061035156,41.393333435058594,39.93333435058594,40.69333267211914,38.25742721557617,1440600,WRB
2020-10-30,40.5533332824707,41.04666519165039,39.7400016784668,40.08000183105469,37.68081283569336,1470750,WRB
2020-11-02,40.85333251953125,41.400001525878906,40.49333190917969,41.33333206176758,38.85911560058594,1467750,WRB
2020-11-03,42.086666107177734,42.66666793823242,41.93333435058594,42.36000061035156,39.8243293762207,1263000,WRB
2020-11-04,41.599998474121094,42.78666687011719,41.32666778564453,41.573333740234375,39.084754943847656,1649100,WRB
2020-11-05,41.753334045410156,42.70000076293945,41.67333221435547,41.93333435058594,39.42319869995117,961050,WRB
2020-11-06,42.19333267211914,42.366668701171875,41.32666778564453,41.38666534423828,38.909263610839844,1006050,WRB
2020-11-09,44.35333251953125,46.59333419799805,44.34000015258789,46.14666748046875,43.38432312011719,2110050,WRB
2020-11-10,46.33333206176758,47.30666732788086,46.04666519165039,47.060001373291016,44.24298095703125,1516950,WRB
2020-11-11,47.220001220703125,47.220001220703125,46.22666549682617,46.633331298828125,43.84185028076172,1107150,WRB
2020-11-12,46.0533332824707,46.17333221435547,45.086666107177734,45.47999954223633,42.757564544677734,703500,WRB
2020-11-13,45.80666732788086,46.266666412353516,45.5,45.913333892822266,43.16496658325195,700500,WRB
2020-11-16,47.08000183105469,47.186668395996094,46.36000061035156,46.98666763305664,44.17403793334961,754200,WRB
2020-11-17,46.4466667175293,46.83333206176758,45.973331451416016,46.7400016784668,43.942142486572266,799500,WRB
2020-11-18,46.88666534423828,47.099998474121094,45.93333435058594,45.939998626708984,43.190025329589844,910500,WRB
2020-11-19,45.526668548583984,45.526668548583984,44.08000183105469,44.573333740234375,41.90517044067383,2503500,WRB
2020-11-20,44.413333892822266,44.87333297729492,43.19333267211914,43.6533317565918,41.04023361206055,1912200,WRB
2020-11-23,44.086666107177734,44.12666702270508,42.973331451416016,43.47999954223633,40.87727737426758,2029950,WRB
2020-11-24,44.22666549682617,44.82666778564453,43.67333221435547,43.893333435058594,41.2658805847168,1693650,WRB
2020-11-25,43.5,43.606666564941406,42.66666793823242,43.30666732788086,40.714324951171875,2648250,WRB
2020-11-27,43.233333587646484,43.43333435058594,42.633331298828125,42.939998626708984,40.36960220336914,1502100,WRB
2020-11-30,42.66666793823242,43.439998626708984,42.08000183105469,43.41999816894531,40.82087326049805,15985800,WRB
2020-12-01,44.28666687011719,45.36000061035156,44.0,45.026668548583984,42.33137130737305,2281500,WRB
2020-12-02,44.77333450317383,45.17333221435547,44.06666564941406,44.85333251953125,42.16841506958008,1436700,WRB
2020-12-03,44.85333251953125,45.206668853759766,44.32666778564453,44.633331298828125,41.96157455444336,1802850,WRB
2020-12-04,44.880001068115234,45.11333465576172,44.52000045776367,45.060001373291016,42.36269760131836,848400,WRB
2020-12-07,44.5533332824707,44.82666778564453,43.37333297729492,43.473331451416016,40.87101745605469,959100,WRB
2020-12-08,43.1533317565918,43.813331604003906,43.14666748046875,43.40666580200195,40.808345794677734,672150,WRB
2020-12-09,43.45333480834961,43.7599983215332,42.893333435058594,43.380001068115234,40.783267974853516,1231050,WRB
2020-12-10,43.133331298828125,43.66666793823242,43.0,43.22666549682617,40.63911437988281,1039650,WRB
2020-12-11,43.0,43.77333450317383,42.926666259765625,43.19333267211914,40.60776901245117,1113750,WRB
2020-12-14,43.619998931884766,43.7599983215332,42.720001220703125,42.7400016784668,40.25613784790039,1368000,WRB
2020-12-15,43.040000915527344,43.98666763305664,42.813331604003906,43.8466682434082,41.298500061035156,766050,WRB
2020-12-16,44.0,44.28666687011719,43.70000076293945,44.026668548583984,41.4680290222168,783150,WRB
2020-12-17,44.21333312988281,44.5533332824707,43.913333892822266,44.49333190917969,41.90757369995117,1092300,WRB
2020-12-18,44.54666519165039,44.84000015258789,43.82666778564453,44.186668395996094,41.61872863769531,2076750,WRB
2020-12-21,44.15999984741211,44.313331604003906,42.93333435058594,43.633331298828125,41.09756088256836,955950,WRB
2020-12-22,43.5,43.86000061035156,43.38666534423828,43.586666107177734,41.05360412597656,738150,WRB
2020-12-23,43.913333892822266,44.439998626708984,43.88666534423828,43.98666763305664,41.43035888671875,685800,WRB
2020-12-24,44.099998474121094,44.19333267211914,43.4466667175293,44.06666564941406,41.505706787109375,224250,WRB
2020-12-28,44.253334045410156,44.38666534423828,43.91999816894531,44.060001373291016,41.499427795410156,808950,WRB
2020-12-29,44.293331146240234,44.32666778564453,43.61333465576172,43.81999969482422,41.27336883544922,597000,WRB
2020-12-30,43.93333435058594,44.46666717529297,43.93333435058594,44.06666564941406,41.505706787109375,548550,WRB
2020-12-31,44.1533317565918,44.366668701171875,43.720001220703125,44.279998779296875,41.706642150878906,1124100,WRB
2021-01-04,44.34000015258789,44.4466667175293,43.15999984741211,43.293331146240234,40.77731704711914,1454100,WRB
2021-01-05,43.31999969482422,43.606666564941406,42.63999938964844,42.91999816894531,40.42567825317383,956400,WRB
2021-01-06,43.61333465576172,44.72666549682617,43.439998626708984,44.393333435058594,41.813392639160156,2428800,WRB
2021-01-07,44.62666702270508,44.720001220703125,43.706668853759766,44.00666809082031,41.44919967651367,1520550,WRB
2021-01-08,44.69333267211914,44.82666778564453,43.619998931884766,44.2400016784668,41.668968200683594,3632700,WRB
2021-01-11,44.17333221435547,44.633331298828125,44.00666809082031,44.246665954589844,41.67524719238281,1369050,WRB
2021-01-12,44.279998779296875,45.133331298828125,44.19333267211914,44.83333206176758,42.227813720703125,1600650,WRB
2021-01-13,44.77333450317383,45.279998779296875,44.28666687011719,44.37333297729492,41.794551849365234,1724400,WRB
2021-01-14,44.45333480834961,44.526668548583984,43.7400016784668,44.00666809082031,41.44919967651367,754200,WRB
2021-01-15,43.779998779296875,44.266666412353516,43.36000061035156,44.09333419799805,41.53082275390625,869850,WRB
2021-01-19,44.293331146240234,44.36000061035156,43.746665954589844,43.746665954589844,41.204307556152344,1036800,WRB
2021-01-20,43.59333419799805,44.56666564941406,43.366668701171875,44.439998626708984,41.85734176635742,920100,WRB
2021-01-21,44.33333206176758,44.93333435058594,44.2599983215332,44.393333435058594,41.813392639160156,1480350,WRB
2021-01-22,43.90666580200195,44.119998931884766,43.30666732788086,43.91999816894531,41.36756134033203,828750,WRB
2021-01-25,43.45333480834961,44.400001525878906,43.366668701171875,44.040000915527344,41.480594635009766,1403400,WRB
2021-01-26,44.133331298828125,44.28666687011719,43.29999923706055,43.29999923706055,40.78358840942383,1172700,WRB
2021-01-27,42.900001525878906,43.5533332824707,40.99333190917969,41.09333419799805,38.70517349243164,2986950,WRB
2021-01-28,41.380001068115234,42.46666717529297,41.3466682434082,42.17333221435547,39.7224006652832,1306650,WRB
2021-01-29,41.8466682434082,42.099998474121094,41.14666748046875,41.426666259765625,39.01913833618164,1239000,WRB
2021-02-01,41.67333221435547,42.34000015258789,41.62666702270508,41.93333435058594,39.496360778808594,1396500,WRB
2021-02-02,42.266666412353516,43.0,42.220001220703125,42.633331298828125,40.155670166015625,665550,WRB
2021-02-03,42.65999984741211,42.98666763305664,42.060001373291016,42.400001525878906,39.93589782714844,1038300,WRB
2021-02-04,42.53333282470703,43.43333435058594,42.53333282470703,43.32666778564453,40.808712005615234,721350,WRB
2021-02-05,43.573333740234375,43.973331451416016,43.43333435058594,43.83333206176758,41.285926818847656,1542300,WRB
2021-02-08,43.959999084472656,44.20000076293945,43.79999923706055,44.073333740234375,41.51198196411133,1130850,WRB
2021-02-09,44.106666564941406,45.040000915527344,44.106666564941406,44.83333206176758,42.227813720703125,733950,WRB
2021-02-10,44.83333206176758,45.313331604003906,44.586666107177734,45.03333282470703,42.41619110107422,1286850,WRB
2021-02-11,45.04666519165039,45.766666412353516,45.04666519165039,45.706668853759766,43.050392150878906,1116150,WRB
2021-02-12,45.66666793823242,46.06666564941406,44.79999923706055,45.253334045410156,42.6234130859375,946950,WRB
2021-02-16,45.49333190917969,45.586666107177734,44.83333206176758,45.34000015258789,42.705039978027344,902400,WRB
2021-02-17,45.133331298828125,45.573333740234375,45.06666564941406,45.253334045410156,42.6234130859375,889350,WRB
2021-02-18,45.00666809082031,45.20000076293945,44.34000015258789,44.746665954589844,42.14619445800781,1364250,WRB
2021-02-19,44.900001525878906,45.5533332824707,44.7599983215332,45.253334045410156,42.6234130859375,1085100,WRB
2021-02-22,45.253334045410156,45.50666809082031,44.91999816894531,45.459999084472656,42.81806182861328,1305600,WRB
2021-02-23,45.85333251953125,46.393333435058594,45.59333419799805,46.086666107177734,43.4083137512207,969900,WRB
2021-02-24,47.01333236694336,48.16666793823242,46.779998779296875,47.50666809082031,44.745792388916016,1627050,WRB
2021-02-25,47.7400016784668,47.959999084472656,46.51333236694336,46.52000045776367,43.816463470458984,858450,WRB
2021-02-26,46.47999954223633,46.900001525878906,46.119998931884766,46.220001220703125,43.53390121459961,1812750,WRB
2021-03-01,46.88666534423828,47.253334045410156,46.686668395996094,46.753334045410156,44.03623962402344,1172850,WRB
2021-03-02,46.606666564941406,47.5,46.606666564941406,46.98666763305664,44.25600814819336,982200,WRB
2021-03-03,47.01333236694336,48.266666412353516,46.86000061035156,47.65999984741211,44.89020919799805,1070100,WRB
2021-03-04,47.54666519165039,48.060001373291016,46.72666549682617,47.119998931884766,44.38159942626953,892950,WRB
2021-03-05,47.733333587646484,48.77333450317383,47.086666107177734,48.63999938964844,45.813262939453125,1000650,WRB
2021-03-08,48.973331451416016,50.48666763305664,48.71333312988281,49.78666687011719,46.89329147338867,727500,WRB
2021-03-09,49.21333312988281,50.0533332824707,48.313331604003906,49.426666259765625,46.62913131713867,1491750,WRB
2021-03-10,49.246665954589844,50.900001525878906,49.246665954589844,50.66666793823242,47.798954010009766,1310850,WRB
2021-03-11,50.246665954589844,51.119998931884766,49.87333297729492,50.66666793823242,47.798954010009766,2019900,WRB
2021-03-12,51.380001068115234,51.540000915527344,50.69333267211914,51.06666564941406,48.17631530761719,1213200,WRB
2021-03-15,51.026668548583984,51.5,50.720001220703125,51.38666534423828,48.47819900512695,1521450,WRB
2021-03-16,50.82666778564453,51.09333419799805,50.35333251953125,50.80666732788086,47.9310302734375,894750,WRB
2021-03-17,51.15999984741211,51.253334045410156,50.38666534423828,50.686668395996094,47.81782150268555,2101800,WRB
2021-03-18,51.00666809082031,51.58000183105469,50.52000045776367,50.913333892822266,48.03165817260742,2102700,WRB
2021-03-19,50.50666809082031,50.87333297729492,49.34000015258789,49.413333892822266,46.61656188964844,3242100,WRB
2021-03-22,49.133331298828125,49.526668548583984,48.64666748046875,48.8466682434082,46.08197021484375,1117200,WRB
2021-03-23,48.56666564941406,49.08000183105469,48.46666717529297,48.77333450317383,46.01278305053711,1060500,WRB
2021-03-24,49.133331298828125,50.28666687011719,49.133331298828125,49.69333267211914,46.88071060180664,932400,WRB
2021-03-25,49.71333312988281,50.41999816894531,49.233333587646484,50.18000030517578,47.3398323059082,850050,WRB
2021-03-26,50.62666702270508,50.62666702270508,50.0533332824707,50.54666519165039,47.68574142456055,757500,WRB
2021-03-29,50.279998779296875,50.7599983215332,50.073333740234375,50.59333419799805,47.72977066040039,582750,WRB
2021-03-30,50.720001220703125,51.03333282470703,50.41999816894531,50.880001068115234,48.000213623046875,609750,WRB
2021-03-31,50.5533332824707,50.733333587646484,50.060001373291016,50.233333587646484,47.3901481628418,1151100,WRB
2021-04-01,49.96666717529297,51.026668548583984,49.84000015258789,50.99333190917969,48.10712432861328,1185000,WRB
2021-04-05,51.18000030517578,51.706668853759766,51.133331298828125,51.473331451416016,48.559959411621094,779250,WRB
2021-04-06,51.526668548583984,51.97999954223633,51.3466682434082,51.95333480834961,49.012794494628906,746400,WRB
2021-04-07,52.43333435058594,52.88666534423828,51.90666580200195,52.38666534423828,49.42160415649414,1408200,WRB
2021-04-08,52.14666748046875,52.78666687011719,52.119998931884766,52.52000045776367,49.54738235473633,878700,WRB
2021-04-09,53.02000045776367,53.233333587646484,52.61333465576172,53.08000183105469,50.0756950378418,781200,WRB
2021-04-12,53.08000183105469,53.18000030517578,52.65999984741211,53.03333282470703,50.03166580200195,1183200,WRB
2021-04-13,52.86000061035156,52.86000061035156,52.17333221435547,52.47999954223633,49.509647369384766,927600,WRB
2021-04-14,52.459999084472656,53.0533332824707,52.246665954589844,52.99333190917969,49.993927001953125,942600,WRB
2021-04-15,53.0533332824707,53.30666732788086,52.793331146240234,52.939998626708984,49.943603515625,900000,WRB
2021-04-16,53.33333206176758,53.526668548583984,52.866668701171875,53.27333450317383,50.25808334350586,1306950,WRB
2021-04-19,53.413333892822266,53.8466682434082,53.03333282470703,53.84000015258789,50.79267883300781,798300,WRB
2021-04-20,53.413333892822266,54.03333282470703,53.266666412353516,53.779998779296875,50.73606872558594,917550,WRB
2021-04-21,54.366668701171875,54.51333236694336,53.0,53.706668853759766,50.66688919067383,1579500,WRB
2021-04-22,53.560001373291016,53.793331146240234,53.15999984741211,53.63999938964844,50.60399627685547,969900,WRB
2021-04-23,53.733333587646484,54.52000045776367,53.56666564941406,54.2400016784668,51.17003631591797,606000,WRB
2021-04-26,54.36000061035156,54.82666778564453,53.48666763305664,53.62666702270508,50.59142303466797,781950,WRB
2021-04-27,53.56666564941406,53.87333297729492,53.15999984741211,53.71333312988281,50.67317581176758,877050,WRB
2021-04-28,53.72666549682617,53.7400016784668,52.2599983215332,52.59333419799805,49.616573333740234,1221750,WRB
2021-04-29,52.88666534423828,53.30666732788086,52.633331298828125,53.073333740234375,50.06939697265625,1073100,WRB
2021-04-30,53.073333740234375,53.35333251953125,52.7599983215332,53.14666748046875,50.13858413696289,1026000,WRB
2021-05-03,53.53333282470703,54.233333587646484,53.253334045410156,53.67333221435547,50.63543701171875,1091550,WRB
2021-05-04,53.58000183105469,53.913333892822266,53.20000076293945,53.82666778564453,50.78010177612305,713250,WRB
2021-05-05,53.753334045410156,53.900001525878906,52.64666748046875,53.59333419799805,50.559967041015625,1205400,WRB
2021-05-06,53.8466682434082,54.040000915527344,53.22666549682617,53.913333892822266,50.86185073852539,994800,WRB
2021-05-07,53.32666778564453,54.33333206176758,53.20000076293945,54.29999923706055,51.22663879394531,1138950,WRB
2021-05-10,54.599998474121094,54.95333480834961,53.87333297729492,53.91999816894531,50.86814498901367,851850,WRB
2021-05-11,53.88666534423828,53.939998626708984,52.540000915527344,52.72666549682617,49.74235534667969,725100,WRB
2021-05-12,52.96666717529297,52.96666717529297,51.65999984741211,51.86000061035156,48.924739837646484,1016400,WRB
2021-05-13,51.58000183105469,53.16666793823242,51.52000045776367,52.9466667175293,49.94990539550781,657750,WRB
2021-05-14,53.11333465576172,53.80666732788086,53.04666519165039,53.65999984741211,50.62286376953125,753900,WRB
2021-05-17,53.53333282470703,53.53333282470703,52.81999969482422,52.939998626708984,49.943603515625,627750,WRB
2021-05-18,52.69333267211914,53.09333419799805,52.28666687011719,52.43333435058594,49.46562194824219,825150,WRB
2021-05-19,52.11333465576172,52.56666564941406,51.380001068115234,52.50666809082031,49.53480911254883,933000,WRB
2021-05-20,52.619998931884766,52.706668853759766,52.11333465576172,52.33333206176758,49.37127685546875,661500,WRB
2021-05-21,52.49333190917969,52.8466682434082,52.00666809082031,52.2400016784668,49.28323745727539,795300,WRB
2021-05-24,52.37333297729492,52.45333480834961,52.133331298828125,52.15999984741211,49.207759857177734,831300,WRB
2021-05-25,52.086666107177734,52.313331604003906,51.060001373291016,51.206668853759766,48.308387756347656,921300,WRB
2021-05-26,51.53333282470703,51.53333282470703,50.9466667175293,51.0533332824707,48.163734436035156,798150,WRB
2021-05-27,51.17333221435547,51.633331298828125,51.0,51.599998474121094,48.67945098876953,1845900,WRB
2021-05-28,51.880001068115234,52.18000030517578,51.599998474121094,51.99333190917969,49.05052947998047,835800,WRB
2021-06-01,52.36000061035156,52.5533332824707,51.7400016784668,51.79999923706055,48.868141174316406,731700,WRB
2021-06-02,51.813331604003906,51.813331604003906,51.279998779296875,51.29999923706055,48.39643859863281,966900,WRB
2021-06-03,51.0533332824707,51.619998931884766,50.720001220703125,51.5,48.585113525390625,968850,WRB
2021-06-04,51.45333480834961,51.606666564941406,51.060001373291016,51.53333282470703,48.61656951904297,612150,WRB
2021-06-07,51.5,51.5,50.4466667175293,50.459999084472656,47.60398483276367,766050,WRB
2021-06-08,50.36000061035156,50.70000076293945,50.133331298828125,50.59333419799805,47.72977066040039,878250,WRB
2021-06-09,50.380001068115234,50.38666534423828,50.08000183105469,50.29999923706055,47.45302963256836,705450,WRB
2021-06-10,50.59333419799805,50.813331604003906,50.18000030517578,50.233333587646484,47.3901481628418,1227900,WRB
2021-06-11,50.313331604003906,50.633331298828125,50.313331604003906,50.633331298828125,47.76750564575195,940950,WRB
2021-06-14,50.51333236694336,50.6533317565918,50.086666107177734,50.293331146240234,47.44675064086914,534750,WRB
2021-06-15,50.35333251953125,51.09333419799805,49.973331451416016,50.70000076293945,47.830406188964844,854850,WRB
2021-06-16,50.86000061035156,51.22666549682617,50.64666748046875,50.7599983215332,47.887001037597656,1099050,WRB
2021-06-17,50.87333297729492,50.87333297729492,49.880001068115234,49.913333892822266,47.088253021240234,1195350,WRB
2021-06-18,49.2400016784668,49.37333297729492,48.473331451416016,48.49333190917969,45.74862289428711,1512900,WRB
2021-06-21,48.79999923706055,49.61333465576172,48.7599983215332,49.56666564941406,46.761207580566406,856500,WRB
2021-06-22,49.78666687011719,49.80666732788086,49.293331146240234,49.49333190917969,46.69203567504883,787650,WRB
2021-06-23,49.32666778564453,49.526668548583984,49.01333236694336,49.086666107177734,46.30838394165039,843750,WRB
2021-06-24,48.9466667175293,49.56666564941406,48.746665954589844,49.28666687011719,46.89833450317383,1207950,WRB
2021-06-25,49.313331604003906,49.90666580200195,49.17333221435547,49.793331146240234,47.38044357299805,1033500,WRB
2021-06-28,49.71333312988281,49.71333312988281,48.939998626708984,49.4466667175293,47.05058670043945,975150,WRB
2021-06-29,49.619998931884766,49.71333312988281,49.293331146240234,49.459999084472656,47.063270568847656,583200,WRB
2021-06-30,49.473331451416016,49.733333587646484,49.266666412353516,49.619998931884766,47.21551513671875,941400,WRB
2021-07-01,49.913333892822266,50.85333251953125,49.66666793823242,50.63999938964844,48.18608474731445,883200,WRB
2021-07-02,50.47999954223633,50.753334045410156,50.34000015258789,50.64666748046875,48.19243621826172,740700,WRB
2021-07-06,50.5533332824707,50.65999984741211,49.813331604003906,50.54666519165039,48.09727096557617,729600,WRB
2021-07-07,50.21333312988281,51.060001373291016,50.119998931884766,50.91999816894531,48.45252227783203,878100,WRB
2021-07-08,50.29999923706055,50.366668701171875,49.220001220703125,49.380001068115234,46.98714828491211,983700,WRB
2021-07-09,50.21333312988281,50.459999084472656,49.99333190917969,50.413333892822266,47.970401763916016,731550,WRB
2021-07-12,50.01333236694336,50.90666580200195,49.913333892822266,50.8466682434082,48.382747650146484,755250,WRB
2021-07-13,50.56666564941406,50.880001068115234,49.926666259765625,50.0533332824707,47.62784957885742,738300,WRB
2021-07-14,50.09333419799805,50.48666763305664,49.880001068115234,50.279998779296875,47.84353256225586,614700,WRB
2021-07-15,49.83333206176758,51.186668395996094,49.83333206176758,50.97999954223633,48.509613037109375,942450,WRB
2021-07-16,51.14666748046875,51.4466667175293,50.913333892822266,51.1533317565918,48.6745491027832,949350,WRB
2021-07-19,50.28666687011719,50.47999954223633,49.06666564941406,49.45333480834961,47.056922912597656,923850,WRB
2021-07-20,49.63999938964844,51.08000183105469,49.61333465576172,50.56666564941406,48.11630630493164,1066500,WRB
2021-07-21,50.96666717529297,51.779998779296875,50.459999084472656,51.0,48.52864456176758,679650,WRB
2021-07-22,50.753334045410156,51.040000915527344,50.09333419799805,50.13999938964844,47.71031951904297,1042500,WRB
2021-07-23,50.31999969482422,51.106666564941406,49.32666778564453,49.87333297729492,47.456573486328125,1343400,WRB
2021-07-26,49.866668701171875,50.22666549682617,49.50666809082031,49.70000076293945,47.29164123535156,1030950,WRB
2021-07-27,49.36000061035156,49.97999954223633,49.086666107177734,49.51333236694336,47.11402130126953,788250,WRB
2021-07-28,49.706668853759766,49.90666580200195,48.279998779296875,48.62666702270508,46.27031707763672,1243500,WRB
2021-07-29,49.0,49.220001220703125,48.686668395996094,49.040000915527344,46.66362380981445,627000,WRB
2021-07-30,48.86000061035156,49.18000030517578,48.62666702270508,48.779998779296875,46.41621780395508,1176450,WRB
2021-08-02,49.01333236694336,49.253334045410156,48.50666809082031,48.5533332824707,46.20054626464844,1090350,WRB
2021-08-03,48.686668395996094,48.69333267211914,47.939998626708984,48.366668701171875,46.022918701171875,890700,WRB
2021-08-04,47.926666259765625,48.526668548583984,47.90666580200195,47.96666717529297,45.64230728149414,1361550,WRB
2021-08-05,48.01333236694336,48.46666717529297,47.83333206176758,48.439998626708984,46.09269332885742,1129650,WRB
2021-08-06,48.91999816894531,49.2599983215332,48.779998779296875,48.97999954223633,46.60653305053711,1037850,WRB
2021-08-09,49.073333740234375,49.13999938964844,48.67333221435547,48.973331451416016,46.60018539428711,928050,WRB
2021-08-10,48.766666412353516,49.380001068115234,48.67333221435547,48.746665954589844,46.38450241088867,823800,WRB
2021-08-11,48.80666732788086,49.366668701171875,48.720001220703125,49.35333251953125,46.96176528930664,886350,WRB
2021-08-12,49.38666534423828,49.38666534423828,48.926666259765625,49.22666549682617,46.84123992919922,700950,WRB
2021-08-13,49.43333435058594,49.766666412353516,49.20000076293945,49.706668853759766,47.29798126220703,763350,WRB
2021-08-16,49.30666732788086,49.91999816894531,49.206668853759766,49.606666564941406,47.20282745361328,657150,WRB
2021-08-17,49.16666793823242,50.279998779296875,49.119998931884766,49.813331604003906,47.39947509765625,761550,WRB
2021-08-18,49.6533317565918,50.0533332824707,49.366668701171875,49.38666534423828,46.99348449707031,592050,WRB
2021-08-19,50.0533332824707,50.56666564941406,49.426666259765625,50.380001068115234,47.93868637084961,1015200,WRB
2021-08-20,50.473331451416016,51.27333450317383,50.37333297729492,50.91999816894531,48.45252227783203,1075650,WRB
2021-08-23,50.973331451416016,51.19333267211914,50.66666793823242,50.706668853759766,48.2495231628418,798750,WRB
2021-08-24,50.746665954589844,50.96666717529297,50.51333236694336,50.61333465576172,48.16071701049805,832500,WRB
2021-08-25,50.6533317565918,51.12666702270508,50.52000045776367,50.793331146240234,48.33198928833008,784800,WRB
2021-08-26,50.813331604003906,50.880001068115234,50.073333740234375,50.08000183105469,47.65322494506836,667050,WRB
2021-08-27,50.18000030517578,50.779998779296875,50.133331298828125,50.7599983215332,48.30027770996094,741000,WRB
2021-08-30,50.779998779296875,50.78666687011719,50.08000183105469,50.11333465576172,47.68495178222656,469950,WRB
2021-08-31,50.0,50.62666702270508,49.95333480834961,50.206668853759766,47.77375411987305,891600,WRB
2021-09-01,50.35333251953125,50.38666534423828,49.619998931884766,50.11333465576172,47.68495178222656,644700,WRB
2021-09-02,50.206668853759766,50.279998779296875,49.72666549682617,50.246665954589844,47.81181716918945,675150,WRB
2021-09-03,49.99333190917969,50.13999938964844,49.459999084472656,49.633331298828125,47.22820281982422,565800,WRB
2021-09-07,49.526668548583984,49.68000030517578,48.866668701171875,48.88666534423828,46.5177116394043,1005450,WRB
2021-09-08,48.793331146240234,49.54666519165039,48.54666519165039,49.47999954223633,47.082298278808594,960450,WRB
2021-09-09,49.459999084472656,50.206668853759766,48.69333267211914,48.70000076293945,46.34009552001953,910500,WRB
2021-09-10,48.900001525878906,49.073333740234375,47.79999923706055,47.81999969482422,45.502742767333984,990450,WRB
2021-09-13,48.17333221435547,48.586666107177734,47.98666763305664,48.31999969482422,45.978515625,912000,WRB
2021-09-14,48.313331604003906,48.37333297729492,47.53333282470703,47.64666748046875,45.419273376464844,1068450,WRB
2021-09-15,47.35333251953125,47.93333435058594,47.35333251953125,47.793331146240234,45.559078216552734,1075050,WRB
2021-09-16,47.99333190917969,48.29999923706055,47.68000030517578,48.11333465576172,45.86412048339844,1219200,WRB
2021-09-17,47.880001068115234,48.253334045410156,47.79999923706055,48.12666702270508,45.8768310546875,2505900,WRB
2021-09-20,47.880001068115234,47.90666580200195,47.133331298828125,47.746665954589844,45.51459503173828,1403400,WRB
2021-09-21,48.073333740234375,48.233333587646484,47.72666549682617,47.813331604003906,45.57815170288086,1049700,WRB
2021-09-22,48.16666793823242,48.43333435058594,47.93333435058594,48.19333267211914,45.94038391113281,738000,WRB
2021-09-23,48.61333465576172,49.03333282470703,48.5,48.599998474121094,46.328041076660156,809250,WRB
2021-09-24,48.47999954223633,49.0533332824707,48.47999954223633,48.87333297729492,46.58858871459961,826800,WRB
2021-09-27,49.20000076293945,49.540000915527344,48.96666717529297,48.98666763305664,46.69662857055664,591300,WRB
2021-09-28,48.87333297729492,49.099998474121094,48.29999923706055,48.380001068115234,46.11832046508789,981150,WRB
2021-09-29,48.37333297729492,49.19333267211914,48.20000076293945,48.973331451416016,46.68391418457031,829650,WRB
2021-09-30,49.32666778564453,49.526668548583984,48.779998779296875,48.78666687011719,46.505977630615234,1424850,WRB
2021-10-01,48.98666763305664,50.00666809082031,48.2599983215332,49.61333465576172,47.29399871826172,923250,WRB
2021-10-04,49.606666564941406,50.293331146240234,49.16666793823242,49.313331604003906,47.00802230834961,1027350,WRB
2021-10-05,49.459999084472656,50.46666717529297,49.17333221435547,50.18000030517578,47.83417510986328,665400,WRB
2021-10-06,49.79999923706055,51.133331298828125,49.599998474121094,51.086666107177734,48.698463439941406,1053000,WRB
2021-10-07,51.313331604003906,52.28666687011719,51.313331604003906,51.63999938964844,49.225921630859375,1040700,WRB
2021-10-08,51.573333740234375,52.00666809082031,51.34000015258789,51.43333435058594,49.02892303466797,877050,WRB
2021-10-11,51.61333465576172,51.99333190917969,51.02000045776367,51.040000915527344,48.65397262573242,613350,WRB
2021-10-12,51.040000915527344,51.58000183105469,50.91999816894531,50.973331451416016,48.590415954589844,684150,WRB
2021-10-13,50.779998779296875,50.86000061035156,49.939998626708984,50.7400016784668,48.36799240112305,833100,WRB
2021-10-14,51.040000915527344,51.70000076293945,50.90666580200195,51.65999984741211,49.244991302490234,700500,WRB
2021-10-15,52.099998474121094,52.21333312988281,51.81999969482422,51.85333251953125,49.429283142089844,652350,WRB
2021-10-18,51.66666793823242,51.70000076293945,50.83333206176758,50.93333435058594,48.55229187011719,815100,WRB
2021-10-19,51.64666748046875,51.84000015258789,51.426666259765625,51.64666748046875,49.23228454589844,771900,WRB
2021-10-20,51.413333892822266,52.38666534423828,51.413333892822266,52.31999969482422,49.8741340637207,687000,WRB
2021-10-21,52.233333587646484,52.84000015258789,52.0533332824707,52.59333419799805,50.13469314575195,780900,WRB
2021-10-22,53.70000076293945,55.15999984741211,53.2599983215332,54.84000015258789,52.27633285522461,2026500,WRB
2021-10-25,55.060001373291016,55.17333221435547,54.380001068115234,54.62666702270508,52.072967529296875,1509150,WRB
2021-10-26,54.72666549682617,54.85333251953125,54.40666580200195,54.56666564941406,52.01577377319336,590550,WRB
2021-10-27,54.6533317565918,54.81999969482422,53.49333190917969,53.50666809082031,51.00532531738281,1017900,WRB
2021-10-28,53.779998779296875,54.206668853759766,53.51333236694336,53.95333480834961,51.43111801147461,556800,WRB
2021-10-29,54.0,54.03333282470703,52.87333297729492,53.06666564941406,50.58589553833008,900750,WRB
2021-11-01,53.18000030517578,53.393333435058594,52.83333206176758,53.37333297729492,50.87823486328125,697800,WRB
2021-11-02,53.560001373291016,54.51333236694336,53.393333435058594,54.413333892822266,51.86961364746094,774150,WRB
2021-11-03,54.413333892822266,54.926666259765625,54.12666702270508,54.400001525878906,51.85689926147461,828900,WRB
2021-11-04,54.20000076293945,54.21333312988281,52.720001220703125,52.926666259765625,50.45243835449219,898500,WRB
2021-11-05,53.313331604003906,53.97999954223633,53.099998474121094,53.720001220703125,51.208683013916016,760500,WRB
2021-11-08,54.19333267211914,54.45333480834961,53.83333206176758,54.279998779296875,51.74250411987305,756450,WRB
2021-11-09,54.060001373291016,54.36000061035156,53.64666748046875,54.21333312988281,51.678958892822266,673950,WRB
2021-11-10,54.279998779296875,54.62666702270508,54.099998474121094,54.22666549682617,51.69166564941406,750750,WRB
2021-11-11,54.15999984741211,54.426666259765625,53.81999969482422,54.20000076293945,51.66624450683594,520350,WRB
2021-11-12,54.15999984741211,54.43333435058594,53.6533317565918,54.1533317565918,51.621768951416016,869100,WRB
2021-11-15,54.29999923706055,54.473331451416016,53.720001220703125,53.893333435058594,51.37392044067383,968850,WRB
2021-11-16,54.106666564941406,54.70000076293945,53.706668853759766,54.073333740234375,51.54550552368164,1171800,WRB
2021-11-17,53.893333435058594,54.56666564941406,53.09333419799805,54.439998626708984,51.895023345947266,1176150,WRB
2021-11-18,54.61333465576172,54.900001525878906,54.09333419799805,54.586666107177734,52.03484344482422,758700,WRB
2021-11-19,54.439998626708984,54.439998626708984,53.49333190917969,53.526668548583984,51.02439880371094,663000,WRB
2021-11-22,53.7599983215332,55.560001373291016,53.45333480834961,55.00666809082031,52.43520736694336,1039050,WRB
2021-11-23,55.62666702270508,56.619998931884766,55.62666702270508,56.33333206176758,53.69985580444336,1375500,WRB
2021-11-24,56.2599983215332,56.35333251953125,55.11333465576172,55.66666793823242,53.06435012817383,1066200,WRB
2021-11-26,54.06666564941406,54.413333892822266,52.98666763305664,53.64666748046875,51.13878631591797,927900,WRB
2021-11-29,54.22666549682617,54.22666549682617,52.9466667175293,52.97999954223633,50.5032844543457,759300,WRB
2021-11-30,52.41999816894531,52.71333312988281,50.926666259765625,51.09333419799805,48.704811096191406,2497350,WRB
2021-12-01,51.9466667175293,52.48666763305664,50.439998626708984,50.473331451416016,48.113792419433594,966450,WRB
2021-12-02,50.913333892822266,52.900001525878906,50.633331298828125,52.56666564941406,50.10926818847656,1221900,WRB
2021-12-03,52.56666564941406,52.686668395996094,51.48666763305664,51.813331604003906,49.391151428222656,879600,WRB
2021-12-06,51.93333435058594,53.0,51.84000015258789,52.473331451416016,50.75828552246094,818850,WRB
2021-12-07,52.686668395996094,53.43333435058594,52.68000030517578,53.18000030517578,51.44186019897461,948750,WRB
2021-12-08,53.099998474121094,53.64666748046875,52.913333892822266,53.266666412353516,51.525699615478516,595500,WRB
2021-12-09,53.473331451416016,53.53333282470703,52.473331451416016,53.186668395996094,51.44831466674805,943650,WRB
2021-12-10,53.64666748046875,54.0,53.32666778564453,53.959999084472656,52.19636917114258,684600,WRB
2021-12-13,53.88666534423828,54.11333465576172,53.206668853759766,53.746665954589844,51.99000930786133,754050,WRB
2021-12-14,53.893333435058594,54.900001525878906,53.5,54.31999969482422,52.54460144042969,1221000,WRB
2021-12-15,54.5,54.69333267211914,53.98666763305664,54.4466667175293,52.6671257019043,834150,WRB
2021-12-16,55.19333267211914,55.426666259765625,54.619998931884766,54.746665954589844,52.95732116699219,1145850,WRB
2021-12-17,54.599998474121094,54.619998931884766,53.560001373291016,53.599998474121094,51.84813690185547,2111400,WRB
2021-12-20,53.060001373291016,53.186668395996094,51.900001525878906,52.5,50.784088134765625,998400,WRB
2021-12-21,53.0,53.64666748046875,52.586666107177734,53.026668548583984,51.293540954589844,1114500,WRB
2021-12-22,52.81999969482422,53.30666732788086,52.733333587646484,53.099998474121094,51.364479064941406,835800,WRB
2021-12-23,53.40666580200195,53.84000015258789,53.19333267211914,53.4466667175293,51.69981384277344,625200,WRB
2021-12-27,53.45333480834961,54.33333206176758,53.313331604003906,54.2400016784668,52.46722412109375,487950,WRB
2021-12-28,54.133331298828125,55.03333282470703,54.133331298828125,54.64666748046875,52.860595703125,606300,WRB
2021-12-29,54.72666549682617,55.31999969482422,54.72666549682617,55.01333236694336,53.21527099609375,591150,WRB
2021-12-30,55.206668853759766,55.366668701171875,54.313331604003906,54.35333251953125,52.57685089111328,568050,WRB
2021-12-31,54.3466682434082,55.246665954589844,54.3466682434082,54.926666259765625,53.131439208984375,886200,WRB
